day-,Temperature,Water Table,Soil Moisture,Rainfall
1,"30,9","-0,4335104895","61,74685315","0,005944055944"
2,"33,4","-0,4598321678","60,97482517",0
3,"28,5","-0,4845174825","59,86433566",0
4,"29,9","-0,5095211268","58,95985915",0
5,"31,7","-0,5317464789","58,32535211",0
6,"29,9","-0,5414265734","58,88881119","0,01153846154"
7,"31,9","-0,5513380282","58,36338028",0
8,"34,1","-0,5672517483","58,26013986","0,01223776224"
9,35,"-0,5741714286","58,41642857",0
10,"33,6","-0,5637801418","58,62056738","0,02695035461"
11,"34,9","-0,5452428571","58,44642857","0,0003571428571"
12,"35,6","-0,5785347222","57,79305556",0
13,"35,1","-0,6034335664","57,3958042","0,0003496503497"
14,"34,4","-0,6200979021","57,01608392","0,004195804196"
15,"33,3","-0,6371398601","56,8951049","0,009440559441"
16,"32,6","-0,6222464789","59,02183099","0,0264084507"
17,"34,6","-0,5775972222","58,86597222","0,009375"
18,"33,9","-0,5898680556","58,64027778","0,0006944444444"
19,"33,2","-0,6111538462","57,63986014",0
20,"33,8","-0,6010486111","58,33958333","0,04166666667"
21,"34,2","-0,5494305556","58,67361111",0
22,"33,8","-0,5580625","58,61805556","0,03784722222"
23,"34,5","-0,5196041667","58,74861111","0,0003472222222"
24,"35,6","-0,5609861111","57,84722222","0,001041666667"
25,"32,3","-0,5894545455","57,37832168","0,0003496503497"
26,"33,6","-0,6126666667","56,96736111",0
27,34,"-0,6344751773","56,60283688",0
28,"32,9","-0,5214055944","59,8027972","0,07972027972"
29,"31,6","-0,4948085106","59,44680851","0,002836879433"
30,"34,6","-0,5378181818","58,85664336","0,01258741259"
31,"33,5","-0,5585208333","58,325",0
32,33,"-0,5816713287","57,7958042","0,003846153846"
33,"33,9","-0,6061126761","57,37746479",0
34,"35,2","-0,6234825175","56,81538462","0,001048951049"
35,"34,4","-0,645","56,63680556",0
36,35,"-0,6624236111","56,62222222","0,02430555556"
37,"34,7","-0,6136433566","58,35524476","0,005944055944"
38,32,"-0,6341944444","56,89722222",0
39,"33,4","-0,6574507042","56,54788732","0,001408450704"
40,"30,3","-0,6770694444","56,4","0,0003472222222"
41,"34,6","-0,6952553191","56,06099291",0
42,"36,3","-0,7118732394","55,74225352",0
43,34,"-0,72425","55,58402778","0,01736111111"
44,"34,3","-0,7166","56,29285714","0,0003571428571"
45,"34,5","-0,7341702128","55,73617021",0
46,"34,6","-0,7470909091","55,33776224",0
47,"33,7","-0,7591478873","55,07042254",0
48,"33,4","-0,7567394366","55,37464789","0,05563380282"
49,33,"-0,5965244755","58,35524476","0,01748251748"
50,33,"-0,5982083333","57,68888889","0,005902777778"
51,"34,6","-0,6189513889","57,12083333",0
52,"34,4","-0,6431468531","56,25734266",0
53,"33,8","-0,6688450704","55,69014085",0
54,"33,2","-0,6909652778","55,22777778",0
55,34,"-0,712584507","54,9084507",0
56,"34,2","-0,7321048951","54,66293706",0
57,"34,3","-0,750979021","54,47552448",0
58,"33,5","-0,7685206612","54,19917355",0
59,"34,4","-0,7870857143","53,83",0
60,"34,3","-0,7948421053","53,78421053",0
61,"34,6","-0,8155793651","53,23333333",0
62,"34,7","-0,8267430556","52,95555556",0
63,"34,5","-0,8404892086","52,74316547",0
64,"34,3","-0,8541048387","52,33467742","0,001612903226"
65,33,"-0,8623230769","52,31307692","0,006923076923"
66,"32,3","-0,8707282609","52,27282609","0,0005434782609"
67,"33,9","-0,8788308824","52,03676471",0
68,"31,5","-0,8882291667","51,95416667",0
69,"33,7","-0,8966736111","51,63333333",0
70,"33,7","-0,9063453237","51,31870504",0
71,"32,9","-0,9160833333","51,03333333",0
72,"34,5","-0,9272695035","50,69858156",0
73,"32,5","-0,939822695","50,29574468","0,004964539007"
74,34,"-0,9503687943","49,98510638",0
75,34,"-0,9452446043","51,26834532","0,03489208633"
76,"29,9","-0,8508156028","53,93900709","0,01241134752"
77,"33,2","-0,7907794118","54,00073529",0
78,34,"-0,8018794326","52,7106383",0
79,"32,2","-0,8154113475","52,02695035",0
80,"31,6","-0,8274275362","51,50144928",0
81,"28,2","-0,8375","51,13571429","0,0007142857143"
82,"31,9","-0,7979214286","52,12","0,04357142857"
83,"34,1","-0,6196573427","54,85314685","0,0003496503497"
84,34,"-0,6754587156","53,08256881",0
85,"34,4","-0,7084195804","52,32937063",0
86,"33,7","-0,7347272727","51,86643357",0
87,"34,5","-0,7586783217","51,42797203",0
88,"34,3","-0,7797709924","51,03740458",0
89,"34,4","-0,8004475524","50,7958042",0
90,34,"-0,818625","50,77430556",0
91,"33,3","-0,8349513889","50,63263889",0
92,33,"-0,8500694444","50,38611111",0
93,"29,8","-0,4789230769","56,71048951","0,1374125874"
94,"28,4","-0,5353125","55,42638889","0,003819444444"
95,"33,3","-0,5905793651","54,16904762",0
96,33,"-0,6265899281","53,28848921","0,0007194244604"
97,"33,6","-0,6549236111","52,88680556","0,01527777778"
98,"33,7","-0,6486736111","54,33541667","0,01458333333"
99,"31,5","-0,6015902778","55,22847222",0
100,"34,6","-0,6223194444","54,45138889","0,034375"
101,"33,3","-0,5779020979","55,60979021",0
102,"34,3","-0,6175985401","53,86934307",0
103,"33,8","-0,6548194444","52,97847222",0
104,32,"-0,6845294118","52,57352941",0
105,"32,3","-0,7139481481","52,19185185",0
106,"31,8","-0,6807264957","53,67350427","0,04230769231"
107,"32,8","-0,6005510204","55,47142857","0,0005102040816"
108,"32,9","-0,6317681159","53,93478261",0
109,"32,6","-0,6705982143","52,90446429",0
110,"33,3","-0,6976267606","52,45211268",0
111,"33,2","-0,7134186047","52,25116279",0
112,32,"-0,7377142857","52,07142857",0
113,"32,7","-0,747","52,1",0
114,"32,7",,,
115,"34,1",,,
116,"33,5",,,
117,"33,7","-0,8094285714","51,22857143",0
118,"33,4","-0,8213333333","51,06",0
119,"33,7","-0,8323157895","50,85789474",0
120,"33,2","-0,8456666667","50,8",0
121,"33,1","-0,8608888889","50,6",0
122,"34,9","-0,8779090909","50,22727273",0
123,"34,8","-0,8893529412","50,22352941",0
124,"35,3","-0,9045",50,0
125,"34,5","-0,926","49,9",0
126,"35,5","-0,9323703704","49,61481481",0
127,"35,1","-0,9635","49,1",0
128,"33,9","-0,9713963964","49,47477477",0
129,"31,8","-0,9775423729","49,3559322",0
130,"34,1","-0,99478125","49,04375",0
131,34,"-1,00697561","49,01219512",0
132,"35,1","-1,021546296","48,84351852",0
133,"33,7","-1,030454545","48,79090909",0
134,"33,7","-1,037553846","48,52",0
135,"34,8","-1,045388889","48,44305556",0
136,"33,7","-1,037826087","48,42608696",0
137,"34,5","-1,0423","48,256",0
138,"34,7","-1,042681818","48,10454545",0
139,"34,2","-1,042061224","47,8877551",0
140,"34,1","-1,042578947","47,62631579",0
141,"34,8","-1,042585714","47,48857143",0
142,"35,2","-1,041795455","47,3",0
143,"35,4","-1,041043478","47,12608696",0
144,"32,4","-1,039625","47,075",0
145,,"-1,043465116","46,8744186",0
146,"34,2","-1,043294118","46,76470588",0
147,"33,9","-1,042261905","46,47142857",0
148,"34,7","-1,043368421","46,22807018","0,0008771929825"
149,"34,8","-1,04265","46,2",0
150,"34,6","-1,043157143","45,90857143",0
151,35,"-1,043409639","45,83493976",0
152,"34,2","-1,042512195","45,7195122",0
153,"35,4","-1,040854839","45,5",0
154,"34,4","-1,04275","45,32272727",0
155,"34,2","-1,043597403","45,12207792",0
156,"34,7","-1,043368421","44,89473684",0
157,"32,8","-1,0425625","44,675",0
158,"35,6","-1,044","44,52",0
159,"33,5","-1,042694915","45,72033898",0
160,"28,9","-1,041515152","47,27575758","0,003787878788"
161,35,"-1,043111111","47,18",0
162,"35,7","-1,041354839","46,34516129",0
163,36,"-1,043833333","45,85",0
164,"34,9","-1,04525","45,20625",0
165,"31,1","-1,043869565","45,08695652",0
166,"34,6","-1,046791367","44,74244604",0
167,"31,4","-1,047076087","44,69673913",0
168,"32,5","-1,048692308","44,35897436",0
169,"34,8","-1,04938","44,38",0
170,"33,8","-1,0489375","44,08125",0
171,"34,2","-0,838047619","49,47380952",0
172,"32,8","-0,8724285714","47,83428571",0
173,"34,7","-0,8947439024","47,75121951",0
174,"35,4","-0,9066170213","47,22021277",0
175,"35,2","-0,9262291667","46,67291667",0
176,"34,6","-0,94785","46,26666667",0
177,"35,8","-0,9638402778","45,98541667",0
178,"35,8","-0,9797727273","45,73522727",0
179,"34,7","-0,998721519","45,47721519",0
180,"35,1","-1,017523077","45,22769231",0
181,"35,4","-1,035222222","45,11296296",0
182,"35,9","-1,044541176","44,96823529",0
183,"36,4","-1,042647059","44,76176471",0
184,"35,1","-1,046377622","23,42167832",0
185,"36,2","-1,045384615","24,87132867",0
186,"34,7","-1,044804196","20,16573427",0
187,35,"-1,044965278","12,87986111",0
188,"34,5","-1,044465278","20,27986111",0
189,"36,1","-1,045326389","18,10416667",0
190,"35,7","-1,044986111","44,04027778",0
191,"34,6","-1,044131944","44,60138889","0,03645833333"
192,"34,2","-1,043729167","48,25277778","0,0003472222222"